{"admin":["$2y$10$WP\/DAqb6tCgVY6zHiLDrpOCM8EvNdnKdcZDmbcKfF0zaVwbK2qO2q","Administrado","admin@system.com",3,"A"],"user01":["$2y$10$k9fvbxfrclRwm7050MZEl.i8Meda6SwcTYTuisO1JLdhGo8AJJlCK","Fernando P\u00e9rez","user01@gmailio.com",0,"A"],"user02":["$2y$10$bIA4ddavVtNXtJBiyra0A.T1O2xr2IB.tnZTShPH8HOV\/o8LKork6","Carmen Garc\u00eda","user02@gmailio.com",1,"B"],"yes33":["$2y$10$GbE2zGhEJc92uDnUdP9Lh.47n1kGdkfiekOM8NT7ZT5O2Kb6B.SW.","Jesica Rico","yes33@gmailio.com","2","A"],"admin2":["$2y$10$kWW7Mhsu5d3k.a3Oq2DMV.TaT\/LpwqPCjv1BhLzYhTqltVuDyuAbC","Super Mario Bros","pepe@cosa.es","3","A"],"dsfsd":["$2y$10$sUDqwSCuayzVNe2NihtfY..aYOOJc07GpDXA7dYOYkHuB0JuWjWqC","Raiz2asi","pepe2@cosa.es","1","A"],"pepe":["$2y$10$eYl8jshB9ZvI0BxxBInp1uu0X.bzNyQAHMMX\/tzsbZ0tJf4ptY5OG","Pepitollo pep","peperosa@ies.es","0","A"],"user03":["12345678a","Usuario","user03@mail.com","0","A"]}